[
    {
        "id": 1,
        "title": "Marvel's The Avengers",
        "pic": "img/avengers.jpg",
        "prices": {
            "dvd": 15.95,
            "bluray": 29.95
        }
    },
    {
        "id": 2,
        "title": "The Hunger Games",
        "pic": "img/hunger-games.jpg",
        "prices": {
            "dvd": 14.95,
            "bluray": 28.95
        }
    },
    {
        "id": 3,
        "title": "Skyfall",
        "pic": "img/skyfall.jpg",
        "prices": {
            "dvd": 16.95,
            "bluray": 31.95
        }
    },
    {
        "id": 4,
        "title": "The Dark Knight Rises",
        "pic": "img/dark-knight-rises.jpg",
        "prices": {
            "dvd": 15.95,
            "bluray": 28.95
        }
    },
    {
        "id": 5,
        "title": "The Twilight Saga: Breaking Dawn Part 2",
        "pic": "img/breaking-dawn-2.jpg",
        "prices": {
            "dvd": 11.95,
            "bluray": 25.95
        }
    },
    {
        "id": 6,
        "title": "The Hobbit: An Unexpected Journey",
        "pic": "img/hobbit.jpg",
        "prices": {
            "dvd": 13.95,
            "bluray": 27.95
        }
    }
]